Urdu-Trana-001	Sabeeluna-al-jeehed.mp3	3dba3ab6f2c077d2be399f51d0c96db2
Urdu-Trana-001	Dilon_kay_Hukmaran.mp3	2e2c6df7123315c9cd22d375180ef637
Urdu-Trana-001	ShaheediJawaan.mp3	dd460965fa4c49318ed7f6fd585cf973
Urdu-Trana-001	MeriAmmi.mp3	ee64d30e80694015a910015a9546d925
Urdu-Trana-001	ek-sitara-tha-main.mp3	f81d9aed3375f1249ee68fde5bf9be1d
Urdu-Trana-001	ab-ehd-e-ghulami.mp3	153473b7747c9fd7a1b68aa1aba2d478
Urdu-Trana-001	al-madat-al-madat.mp3	d6a9856207e118584740c04b18a18f71
Urdu-Trana-001	BaharoonSePehlay.mp3	b32cb821ff8ae32de67990a77c665984
Urdu-Trana-001	Jeenay-Ka-haq.mp3	dd29b48a92af20515bbe9885a5cc083a
Urdu-Trana-001	INTIFAZA.mp3	c019efe3099d6b1b8652b74354f5ad38
Urdu-Trana-001	AansoonAurAhoon-MP3_meta.xml	bc8438a5cd38a117d16e28c0d552ebb9
Urdu-Trana-001	AansoonAurAhoon-MP3_archive.torrent	4ac3a250ef9bf94dcd3cb80616bfc31c
btrapper2010-06-20.sbd.flac	blitzentrapper06202010.txt	84dc6242ef6ef23a09c68e9eadba91d9
btrapper2010-06-20.sbd.flac	btrapper2010-06-10.sbd.flac.md5	b7e24a2e6c397fb68fce863f89955528
btrapper2010-06-20.sbd.flac	blitzentrapper06202010.md5	eeeaae2172c425ebfda0ec44dc0b8493
btrapper2010-06-20.sbd.flac	btrapper2010-06-10.sbd.flac.ffp	a67097127d1da73eae40d49f69e096f9
btrapper2010-06-20.sbd.flac	btrapper2010-06-10.sbd.flac_1_1_1_reviews.xml	1126a3b4c8f495ba0c0b3f32cf22026a
btrapper2010-06-20.sbd.flac	blitzentrapper06202010d1t15.flac	6ded6e77194e83ad69401f48613e4137
btrapper2010-06-20.sbd.flac	blitzentrapper06202010d1t03.flac	ee504855659713a7cd05e7538081cd91
btrapper2010-06-20.sbd.flac	blitzentrapper06202010d1t04.flac	6b15dad5f129ef9309c720895cae568c
btrapper2010-06-20.sbd.flac	blitzentrapper06202010d1t07.flac	69c44811849fb4d23e5410e063766197
btrapper2010-06-20.sbd.flac	blitzentrapper06202010d1t06.flac	95b4306751d8d25d8d868e8a800ecf0f
btrapper2010-06-20.sbd.flac	blitzentrapper06202010d1t09.flac	384306010a331198afb9ce58b2fa250e
btrapper2010-06-20.sbd.flac	blitzentrapper06202010d1t05.flac	01fb049f4dd212c481605c17434117dc
btrapper2010-06-20.sbd.flac	blitzentrapper06202010d1t12.flac	0e7894d9f539d5515f7cce8b5b5b5763
btrapper2010-06-20.sbd.flac	blitzentrapper06202010d1t10.flac	5987c70dc42028d588d7843df4a429f8
btrapper2010-06-20.sbd.flac	blitzentrapper06202010d1t18.flac	292c1ca677b3046db5ae487bb363c3c9
btrapper2010-06-20.sbd.flac	blitzentrapper06202010d1t19.flac	55417040b095a18952f2ae9694dc9989
btrapper2010-06-20.sbd.flac	blitzentrapper06202010d1t13.flac	ce0e7504a48ae5859416a21f2958251c
btrapper2010-06-20.sbd.flac	blitzentrapper06202010d1t02.flac	3028f9998571902d19063a0d58795688
btrapper2010-06-20.sbd.flac	blitzentrapper06202010d1t01.flac	447885c5b106b13aec44f456a36d99fe
btrapper2010-06-20.sbd.flac	blitzentrapper06202010d1t14.flac	ed9e81628a7673e22daeb6f35e36ff86
btrapper2010-06-20.sbd.flac	blitzentrapper06202010d1t11.flac	c5028f60469cfe5f634462f32ce7a409
btrapper2010-06-20.sbd.flac	blitzentrapper06202010d1t08.flac	c218cd96bed58480bd4c012c4e034d10
btrapper2010-06-20.sbd.flac	blitzentrapper06202010d1t17.flac	b55095aae803fe09545ceed025dde69e
btrapper2010-06-20.sbd.flac	blitzentrapper06202010d1t16.flac	27486d5a51027e696999d2ce8c955263
btrapper2010-06-20.sbd.flac	btrapper2010-06-10.sbd.flac_1_1_1_meta.xml	f28bc44b097379005915acb8dc663f4c
btrapper2010-06-20.sbd.flac	btrapper2010-06-10.sbd.flac_1_1_1_archive.torrent	4c5fb6f48eafa31ce37fde5d98d07931
deletes	COPELAND_THE_FAREWELL_TOUR_JAPAN_20100512_meta.xml	e956026c17814f15cfbd0e0fa9dba5fb
deletes	COPELAND_THE_FAREWELL_TOUR_JAPAN_20100512_archive.torrent	7bd9b13c7bbf22509cf57740aa863b6d
